track_name,artist(s)_name,,,,in_spotify_playlists,streams,released_year
Seven (feat. Latto) (Explicit Ver.),"Latto, Jung Kook",,,,553,141381703,14/07/23
LALA,Myke Towers,,,,1474,133716286,23/03/23
vampire,Olivia Rodrigo,,,,1397,140003974,30/06/23
Cruel Summer,Taylor Swift,,,,7858,800840817,23/08/19
WHERE SHE GOES,Bad Bunny,,,,3133,303236322,18/05/23
Sprinter,"Dave, Central Cee",,,,2186,183706234,01/06/23
Ella Baila Sola,"Eslabon Armado, Peso Pluma",,,,3090,725980112,16/03/23
Columbia,Quevedo,,,,714,58149378,07/07/23
fukumean,Gunna,,,,1096,95217315,15/05/23
La Bebe - Remix,"Peso Pluma, Yng Lvcas",,,,2953,553634067,17/03/23
un x100to,"Bad Bunny, Grupo Frontera",,,,2876,505671438,17/04/23
Super Shy,NewJeans,,,,422,58255150,07/07/23
Flowers,Miley Cyrus,,,,12211,1316855716,12/01/23
Daylight,David Kushner,,,,3528,387570742,14/04/23
As It Was,Harry Styles,,,,23575,2513188493,31/03/22
Kill Bill,SZA,,,,8109,1163093654,08/12/22
Cupid - Twin Ver.,Fifty Fifty,,,,2942,496795686,24/02/23
"What Was I Made For? [From The Motion Picture ""Barbie""]",Billie Eilish,,,,873,30546883,13/07/23
Classy 101,"Feid, Young Miko",,,,2610,335222234,31/03/23
Like Crazy,Jimin,,,,596,363369738,24/03/23
LADY GAGA,"Gabito Ballesteros, Junior H, Peso Pluma",,,,332,86444842,22/06/23
I Can See You (Taylor���s Version) (From The ,Taylor Swift,,,,516,52135248,07/07/23
I Wanna Be Yours,Arctic Monkeys,,,,12859,1297026226,01/01/13
"Peso Pluma: Bzrp Music Sessions, Vol. 55","Bizarrap, Peso Pluma",,,,1313,200647221,31/05/23
Popular (with Playboi Carti & Madonna) - The Idol Vol. 1 (Music from the HBO Original Series),"The Weeknd, Madonna, Playboi Carti",,,,1945,115364561,02/06/23
SABOR FRESA,Fuerza Regida,,,,250,78300654,22/06/23
Calm Down (with Selena Gomez),"R��ma, Selena G",,,,7112,899183384,25/03/22
MOJABI GHOST,"Tainy, Bad Bunny",,,,859,61245289,29/06/23
Last Night,Morgan Wallen,,,,2420,429829812,31/01/23
Dance The Night (From Barbie The Album),Dua Lipa,,,,2988,127408954,25/05/23
Rush,Troye Sivan,,,,864,22581161,13/07/23
TULUM,"Peso Pluma, Grupo Frontera",,,,266,52294266,28/06/23
Creepin',"The Weeknd, 21 Savage, Metro Boomin",,,,6036,843957510,02/12/22
Anti-Hero,Taylor Swift,,,,9082,999748277,21/10/22
TQG,"Karol G, Shakira",,,,4284,618990393,23/02/23
Los del Espacio,"Big One, Duki, Lit Killah, Maria Becerra, FMK, Rusherking, Emilia, Tiago pzk",,,,1150,123122413,01/06/23
Fr��gil (feat. Grupo Front,"Yahritza Y Su Esencia, Grupo Frontera",,,,672,188933502,07/04/23
Blank Space,Taylor Swift,,,,11434,1355959075,01/01/14
Style,Taylor Swift,,,,7830,786181836,01/01/14
TQM,Fuerza Regida,,,,584,176553476,19/05/23
El Azul,"Junior H, Peso Pluma",,,,692,354495408,10/02/23
Sunflower - Spider-Man: Into the Spider-Verse,"Post Malone, Swae Lee",,,,24094,2808096550,09/10/18
I'm Good (Blue),"Bebe Rexha, David Guetta",,,,12482,1109433169,26/08/22
See You Again,"Tyler, The Creator, Kali Uchis",,,,13387,1047101291,21/07/17
Barbie World (with Aqua) [From Barbie The Album],"Nicki Minaj, Aqua, Ice Spice",,,,1117,65156199,23/06/23
Angels Like You,Miley Cyrus,,,,3372,570515054,27/11/20
I Ain't Worried,OneRepublic,,,,8431,1085685420,13/05/22
Die For You,The Weeknd,,,,2483,1647990401,24/11/16
Starboy,"The Weeknd, Daft Punk",,,,29536,2565529693,21/09/16
Die For You - Remix,"Ariana Grande, The Weeknd",,,,3408,518745108,24/02/23
El Cielo,"Feid, Myke Towers, Sky Rompiendo",,,,1298,107753850,02/06/23
Baby Don't Hurt Me,"David Guetta, Anne-Marie, Coi Leray",,,,4277,177740666,06/04/23
AMARGURA,Karol G,,,,1133,153372011,24/02/23
(It Goes Like) Nanana - Edit,Peggy Gou,,,,2259,57876440,15/06/23
Another Love,Tom Odell,,,,18371,1813673666,15/10/12
Blinding Lights,The Weeknd,,,,43899,3703895074,29/11/19
Moonlight,Kali Uchis,,,,2649,256483385,24/02/23
La Bachata,Manuel Turizo,,,,6804,1214083358,26/05/22
S91,Karol G,,,,525,16011326,14/07/23
cardigan,Taylor Swift,,,,7923,812019557,24/07/20
T��,"dennis, MC Kevin o Chris",,,,731,111947664,04/05/23
Boy's a liar Pt. 2,"PinkPantheress, Ice Spice",,,,5184,156338624,03/02/23
Left and Right (Feat. Jung Kook of BTS),"Charlie Puth, BTS, Jung Kook",,,,3107,720434240,24/06/22
BESO,"Rauw Alejandro, ROSAL�",,,,4053,357925728,24/03/23
Hey Mor,"Ozuna, Feid",,,,4637,674072710,06/10/22
Yellow,Chris Molitor,,,,31358,1755214421,01/01/99
Karma,Taylor Swift,,,,3818,404562836,21/10/22
People,Libianca,,,,3506,373199958,02/12/22
Overdrive,Post Malone,,,,410,14780425,14/07/23
Enchanted (Taylor's Version),Taylor Swift,,,,148,39578178,07/07/23
BABY HELLO,"Rauw Alejandro, Bizarrap",,,,1004,54266102,23/06/23
Heat Waves,Glass Animals,,,,22543,2557975762,28/06/20
golden hour,JVKE,,,,4511,751134527,15/07/22
Sweater Weather,The Neighbourhood,,,,16413,2282771485,14/05/12
"Quevedo: Bzrp Music Sessions, Vol. 52","Bizarrap, Quevedo",,,,8506,1356565093,06/07/22
Viva La Vida,Coldplay,,,,33898,1592909789,01/01/08
Here With Me,d4vd,,,,3246,635412045,17/07/22
Unholy (feat. Kim Petras),"Sam Smith, Kim Petras",,,,8576,1230675890,22/09/22
Yandel 150,"Yandel, Feid",,,,3618,585695368,20/12/22
CORAZ��N VA,Maria Becerra,,,,370,43857627,22/06/23
Riptide,Vance Joy,,,,31123,2009094673,01/01/75
Until I Found You (with Em Beihold) - Em Beihold Version,"Em Beihold, Stephen Sanchez",,,,2790,600976848,22/04/22
Novidade na ��,"Mc Livinho, DJ Matt D",,,,267,39709092,23/06/23
Back To December (Taylor's Version),Taylor Swift,,,,139,39228929,07/07/23
STAY (with Justin Bieber),"Justin Bieber, The Kid Laroi",,,,17050,2665343922,09/07/21
El Merengue,"Marshmello, Manuel Turizo",,,,2114,223633238,03/03/23
Someone You Loved,Lewis Capaldi,,,,17836,2887241814,08/11/18
Me Porto Bonito,"Chencho Corleone, Bad Bunny",,,,8870,1440757818,06/05/22
Makeba,Jain,,,,6060,165484133,22/06/15
MONTAGEM - FR PUNK,"Ayparia, unxbected",,,,641,58054811,20/06/12
Fast Car,Luke Combs,,,,1446,157058870,24/03/23
What It Is (Solo Version),Doechii,,,,804,95131998,17/03/23
Coco Chanel,"Bad Bunny, Eladio Carrion",,,,1962,250305248,17/03/23
Don���t Bl,Taylor Swift,,,,4875,685032533,08/11/17
Still With You,Jung Kook,,,,31,38411956,05/06/20
All My Life (feat. J. Cole),"J. Cole, Lil Durk",,,,2175,144565150,12/05/23
Say Yes To Heaven,Lana Del Rey,,,,2000,127567540,17/03/23
Snooze,SZA,,,,2839,399686758,09/12/22
Summertime Sadness,Lana Del Rey,,,,20333,983637508,01/01/11
Take Two,BTS,,,,674,118482347,09/06/23
Lover,Taylor Swift,,,,8448,882831184,01/01/12
Too Many Nights (feat. Don Toliver & with Future),"Future, Metro Boomin, Don Toliver",,,,2110,286400165,02/12/22
Chemical,Post Malone,,,,2528,172825906,14/04/23
Mockingbird,Eminem,,,,12985,1241559043,01/01/04
New Jeans,NewJeans,,,,77,29562220,07/07/23
Primera Cita,Carin Leon,,,,266,77309611,20/04/22
Cold Heart - PNAU Remix,"Dua Lipa, Elton John, Pnau",,,,21097,1605224506,10/11/17
Dandelions,Ruth B.,,,,3423,1116995633,28/04/17
Bones,Imagine Dragons,,,,4198,838079900,11/03/21
Set Fire to the Rain,Adele,,,,14739,1163620694,01/01/11
Money Trees,"Kendrick Lamar, Jay Rock",,,,26792,1093605526,01/01/12
Tak Segampang Itu,Anggi Marito,,,,213,179659294,02/12/22
LAGUNAS,"Jasiel Nu��ez, Peso P",,,,58,39058561,22/06/23
Mine (Taylor's Version),Taylor Swift,,,,99,36912123,07/07/23
Everybody Wants To Rule The World,Tears For Fears,,,,41751,1205951614,17/02/85
No Role Modelz,J. Cole,,,,21164,1791000570,09/12/14
Tattoo,Loreen,,,,2988,201660859,25/02/23
Rara Vez,"Taiu, Milo j",,,,893,248088961,08/02/23
VAGABUNDO,"Sebastian Yatra, Manuel Turizo, Be��",,,,1094,90839753,12/05/23
august,Taylor Swift,,,,7324,607123776,24/07/20
LUNA,"Junior H, Peso Pluma",,,,201,55842345,22/06/23
Miracle (with Ellie Goulding),"Calvin Harris, Ellie Goulding",,,,5120,211050784,10/03/23
Nonsense,Sabrina Carpenter,,,,2346,342897938,15/07/22
Que Vuelvas,"Carin Leon, Grupo Frontera",,,,763,2762,09/12/22
Por las Noches,Peso Pluma,,,,457,330346424,11/06/21
Feliz Cumplea��os Fe,Feid,,,,3430,601863821,19/08/22
Can't Hold Us (feat. Ray Dalton),"Ray Dalton, Ryan Lewis, Macklemore",,,,6074,1953533826,16/08/11
Watermelon Sugar,Harry Styles,,,,21915,2322580122,17/11/19
lovely - Bonus Track,"Billie Eilish, Khalid",,,,15032,2355719893,11/08/17
"Rauw Alejandro: Bzrp Music Sessions, Vol. 56","Rauw Alejandro, Bizarrap",,,,871,66902503,21/06/23
Queencard,(G)I-DLE,,,,451,96273746,15/05/23
OMG,NewJeans,,,,1783,430977451,02/01/23
Radio,Lana Del Rey,,,,9389,284819874,01/01/11
"Shakira: Bzrp Music Sessions, Vol. 53","Shakira, Bizarrap",,,,5724,721975598,11/01/23
505,Arctic Monkeys,,,,13985,1217120710,20/04/07
"Calling (Spider-Man: Across the Spider-Verse) (Metro Boomin & Swae Lee, NAV, feat. A Boogie Wit da Hoodie)","Swae Lee, A Boogie Wit da Hoodie, Metro Boomin, NAV",,,,1051,109276132,02/06/23
Trance (with Travis Scott & Young Thug),"Travis Scott, Young Thug, Metro Boomin",,,,1682,276259178,02/12/22
"Tere Vaaste (From ""Zara Hatke Zara Bachke"")","Sachin-Jigar, Shadab Faridi, Altamash Faridi, Amitabh Bhattacharya, Varun Jain",,,,182,54225632,22/05/23
Perfect,Ed Sheeran,,,,16596,2559529074,01/01/17
Romantic Homicide,d4vd,,,,2335,681583126,20/07/22
Believer,Imagine Dragons,,,,18986,2594040133,31/01/17
Novo Balan�,"Veigh, Bvga Beatz, Supernova Ent, Prod Malax",,,,283,81102253,19/05/23
"Gol Bolinha, Gol Quadrado 2","Mc Pedrinho, DJ 900",,,,293,11956641,01/06/23
Without Me,Eminem,,,,21081,1687664027,01/01/02
QUEMA,"Sog, Ryan Castro, Peso Pluma",,,,437,11599388,13/07/23
Stargirl Interlude,"The Weeknd, Lana Del Rey",,,,1275,611700552,24/11/16
Ojitos Lindos,"Bomba Est��reo, Bad B",,,,6135,1133865788,06/05/22
Somewhere Only We Know,Keane,,,,20015,1089402494,01/01/04
Those Eyes,New West,,,,1507,411747614,10/05/19
El Gordo Trae El Mando,Chino Pacas,,,,539,255932395,27/01/23
Mi Bello Angel,Natanael Cano,,,,86,31873544,30/06/23
Bye,Peso Pluma,,,,324,95053634,26/05/23
Danza Kuduro,"Don Omar, Lucenzo",,,,17138,1279434863,01/01/10
Nosso Quadro,"Ana Castela, AgroPlay",,,,894,233801632,02/02/23
Locked Out Of Heaven,Bruno Mars,,,,1622,1481349984,05/12/12
Un Finde | CROSSOVER #2,"Big One, FMK, Ke personajes",,,,561,142095275,04/04/23
Jimmy Cooks (feat. 21 Savage),"Drake, 21 Savage",,,,5871,618885532,17/06/22
Counting Stars,OneRepublic,,,,29215,2011464183,01/01/13
Ghost,Justin Bieber,,,,5866,1167330737,19/03/21
Under The Influence,Chris Brown,,,,3859,929964809,04/10/19
PRC,"Natanael Cano, Peso Pluma",,,,961,436027885,23/01/23
Gasolina,Daddy Yankee,,,,6457,657723613,13/07/04
One Dance,"Drake, WizKid, Kyla",,,,43257,2713922350,04/04/16
Enchanted,Taylor Swift,,,,4564,621660989,01/01/10
Save Your Tears,The Weeknd,,,,12688,1591223784,20/03/20
Sure Thing,Miguel,,,,13801,950906471,25/05/10
Every Breath You Take - Remastered 2003,The Police,,,,22439,1593270737,06/01/83
The Night We Met,Lord Huron,,,,18515,1410088830,02/02/15
We Found Love,"Rihanna, Calvin Harris",,,,36843,1235005533,01/01/11
When I Was Your Man,Bruno Mars,,,,2420,1661187319,05/12/12
Let Me Down Slowly,Alec Benjamin,,,,5897,1374581173,25/05/18
"Am I Dreaming (Metro Boomin & A$AP Rocky, Roisee)","A$AP Rocky, Metro Boomin, Roisee",,,,727,94186466,02/06/23
Do I Wanna Know?,Arctic Monkeys,,,,33783,1788326445,01/01/13
Demons,Imagine Dragons,,,,26694,1840364617,01/01/12
������������,YOASOBI,,,,356,143573775,12/04/23
Reminder,The Weeknd,,,,6518,684675814,25/11/16
Shake It Off,Taylor Swift,,,,21335,1113838873,01/01/14
Why'd You Only Call Me When You're High?,Arctic Monkeys,,,,23389,1267333350,01/01/13
SNAP,Rosa Linn,,,,3202,726307468,19/03/22
Shape of You,Ed Sheeran,,,,32181,3562543890,06/01/17
Night Changes,One Direction,,,,7124,1131090940,17/11/14
Fin de Semana,"Oscar Maydon, Junior H",,,,592,307370144,13/01/23
Creep,Radiohead,,,,36724,1271293243,21/09/92
Car's Outside,James Arthur,,,,794,265882712,18/10/19
Apocalypse,Cigarettes After Sex,,,,13091,841749534,21/03/17
Cheques,Shubh,,,,67,47956378,19/05/23
Pink + White,Frank Ocean,,,,21574,806397070,20/08/16
Circles,Post Malone,,,,19664,2132335812,30/08/19
Just The Way You Are,Bruno Mars,,,,21106,1641426668,01/01/10
Take Me To Church,Hozier,,,,23804,2135158446,13/09/13
Bebe Dame,"Fuerza Regida, Grupo Frontera",,,,849,367316268,16/12/22
You Belong With Me (Taylor���s Ve,Taylor Swift,,,,2619,350381515,09/04/21
Titi Me Pregunt�,Bad Bunny,,,,9037,1264310836,06/05/22
Better Than Revenge (Taylor's Version),Taylor Swift,,,,86,30343206,07/07/23
Shut up My Moms Calling,Hotel Ugly,,,,1788,405136812,10/02/20
Have You Ever Seen The Rain?,Creedence Clearwater Revival,,,,15890,1145727611,01/07/68
Es un Secreto,Plan B,,,,492,540654286,20/07/10
POLARIS - Remix,"Feid, Mora, Saiko, Quevedo",,,,773,57312735,08/06/23
Ditto,NewJeans,,,,1154,397582059,19/12/22
Take On Me,a-ha,,,,44927,1479115056,19/10/84
"Annihilate (Spider-Man: Across the Spider-Verse) (Metro Boomin & Swae Lee, Lil Wayne, Offset)","Swae Lee, Lil Wayne, Offset, Metro Boomin",,,,551,86773632,02/06/23
"Angel Pt 1 (feat. Jimin of BTS, JVKE & Muni Long)","Kodak Black, NLE Choppa, Muni Long, JVKE, Jimin",,,,577,133753727,01/05/23
Acr��s,Shakira,,,,955,123124076,11/05/23
AMG,"Natanael Cano, Gabito Ballesteros, Peso Pluma",,,,995,463564958,24/11/22
"Phir Aur Kya Chahiye (From ""Zara Hatke Zara Bachke"")","Arijit Singh, Sachin-Jigar, Amitabha Bhattacharya",,,,178,64533040,15/05/23
S-Class,Stray Kids,,,,290,65496046,02/06/23
Hits Different,Taylor Swift,,,,547,68616963,26/05/23
Chanel,"Becky G, Peso Pluma",,,,681,161460990,30/03/23
Self Love (Spider-Man: Across the Spider-Verse) (Metro Boomin & Coi Leray),"Metro Boomin, Coi Leray",,,,332,70106975,02/06/23
Area Codes,"Kaliii, Kaliii",,,,1197,113509496,17/03/23
Abcdario,"Junior H, Eden Mu��",,,,262,89933133,13/05/23
Obsessed,"Abhijay Sharma, Riar Saab",,,,161,71007139,29/09/22
Pi��man De�,"Semicenk, Do��u ",,,,185,43522589,02/06/23
FLOWER,JISOO,,,,839,232896922,31/03/23
"All The Way Live (Spider-Man: Across the Spider-Verse) (Metro Boomin & Future, Lil Uzi Vert)","Future, Lil Uzi Vert, Metro Boomin",,,,259,37126685,02/06/23
Eyes Closed,Ed Sheeran,,,,2915,195576623,23/03/23
Escapism.,"RAYE, 070 Shake",,,,5129,532336353,12/10/22
La Jumpa,"Arcangel, Bad Bunny",,,,3794,538115192,30/11/22
Karma (feat. Ice Spice),"Taylor Swift, Ice Spice",,,,588,46142772,26/05/23
Superhero (Heroes & Villains) [with Future & Chris Brown],"Future, Chris Brown, Metro Boomin",,,,2959,401036314,02/12/22
Las Morras,"BLESSD, Peso Pluma",,,,291,127026613,04/04/23
CHORRITO PA LAS ANIMAS,Feid,,,,2321,345031710,02/12/22
Ch y la Pizza,"Fuerza Regida, Natanael Cano",,,,536,288101651,01/12/22
Snow On The Beach (feat. More Lana Del Rey),"Lana Del Rey, Taylor Swift",,,,359,60350538,26/05/23
Players,Coi Leray,,,,4096,335074782,30/11/22
Bite Me,ENHYPEN,,,,349,76767396,22/05/23
Stand By Me (feat. Morgan Wallen),"Lil Durk, Morgan Wallen",,,,381,46065667,26/05/23
Normal,Feid,,,,2461,459276435,08/07/22
Hummingbird (Metro Boomin & James Blake),"James Blake, Metro Boomin",,,,277,39666245,02/06/23
Seu Brilho Sumiu - Ao Vivo,"Israel & Rodolffo, Mari Fernandez",,,,967,138517666,01/03/23
Bad Habit,Steve Lacy,,,,8186,822633917,29/06/22
CUFF IT,Beyonc�,,,,7842,595900742,29/07/22
Lilith (feat. SUGA of BTS) (Diablo IV Anthem),"Halsey, Suga",,,,215,51985779,05/06/23
69,"Nicky Jam, Feid",,,,1134,57945987,18/05/23
Ni��a Bo,"Sean Paul, Feid",,,,1305,115010040,21/04/23
Search & Rescue,Drake,,,,2066,175097833,07/04/23
AMERICA HAS A PROBLEM (feat. Kendrick Lamar),"Kendrick Lamar, Beyonc�",,,,896,57089066,19/05/23
Lavender Haze,Taylor Swift,,,,3763,488386797,21/10/22
"Link Up (Metro Boomin & Don Toliver, Wizkid feat. BEAM & Toian) - Spider-Verse Remix (Spider-Man: Across the Spider-Verse )","WizKid, Toian, Metro Boomin, Don Toliver, Beam",,,,197,32761689,02/06/23
Efecto,Bad Bunny,,,,4004,1047480053,06/05/22
Erro Gostoso - Ao Vivo,Simone Mendes,,,,984,153454328,27/01/23
Cupido,Tini,,,,1240,217672943,14/02/23
Just Wanna Rock,Lil Uzi Vert,,,,3995,457184829,17/10/22
Unstoppable,Sia,,,,7681,939844851,21/01/16
Until I Found You,Stephen Sanchez,,,,4427,726434358,01/09/21
Rich Flex,"Drake, 21 Savage",,,,4657,573633020,04/11/22
Easy On Me,Adele,,,,10195,1406111294,14/10/21
Cart��o B,"MC Caverinha, KayBlack",,,,269,71573339,11/05/23
Danger (Spider) (Offset & JID),"Offset, JID",,,,214,24975653,02/06/23
Oi Balde - Ao Vivo,Z�� Neto & Crist,,,,845,145458418,14/02/23
The Real Slim Shady,Eminem,,,,20763,1424589568,01/01/00
MERCHO,"Migrantes, LiL CaKe, Nico Valdi",,,,1267,231332117,16/12/22
The Color Violet,Tory Lanez,,,,2585,415932686,10/12/21
Glimpse of Us,Joji,,,,6330,988515741,10/06/22
Mejor Que Yo,"Mambo Kingz, DJ Luian, Anuel Aa",,,,675,50847624,04/05/23
Curtains,Ed Sheeran,,,,715,39893489,05/05/23
UNFORGIVEN (feat. Nile Rodgers),"Nile Rodgers, LE SSERAFIM",,,,327,92035115,01/05/23
Haegeum,Agust D,,,,244,118810253,21/04/23
Conex��es de M��fia (feat. Rich ,"Rich The Kid, Matu�",,,,385,77233241,30/04/23
MIENTRAS ME CURO DEL CORA,Karol G,,,,1020,206399629,24/02/23
Never Felt So Alone,Labrinth,,,,1730,117747907,07/04/23
X SI VOLVEMOS,"Karol G, Romeo Santos",,,,2127,266624541,02/02/23
ceilings,Lizzy McAlpine,,,,3242,293186992,08/04/22
Cupid,Fifty Fifty,,,,526,139681964,24/02/23
I AM,IVE,,,,366,123132751,10/04/23
Cupid ��� Twin Ver. (FIFTY FIFTY) ��� Spe,sped up 8282,,,,472,103762518,01/01/97
Shorty Party,"Cartel De Santa, La Kelly",,,,432,162887075,04/03/23
Super,SEVENTEEN,,,,271,91221625,24/04/23
Slut Me Out,NLE Choppa,,,,816,190490915,22/04/22
Double Fantasy (with Future),"The Weeknd, Future",,,,1169,96180277,21/04/23
All Of The Girls You Loved Before,Taylor Swift,,,,1282,185240616,23/08/19
PROVENZA,Karol G,,,,6587,885093467,21/04/22
Princess Diana (with Nicki Minaj),"Nicki Minaj, Ice Spice",,,,1444,104992946,14/04/23
Di Que Si,"Grupo Marca Registrada, Grupo Frontera",,,,356,147290338,03/02/23
Shivers,Ed Sheeran,,,,10147,1302184087,09/09/21
Igualito a Mi Ap�,"Fuerza Regida, Peso Pluma",,,,265,158950978,30/12/22
Shoong! (feat. LISA of BLACKPINK),"TAEYANG, Lisa",,,,351,76910644,25/04/23
Komang,Raim Laode,,,,158,137123880,16/08/22
DESPECH�,ROSAL�,,,,7613,782369383,28/07/22
Made You Look,Meghan Trainor,,,,3956,502574952,21/10/22
Watch This - ARIZONATEARS Pluggnb Remix,"sped up nightcore, ARIZONATEARS, Lil Uzi Vert",,,,1638,207033255,05/02/23
No Se Va,Grupo Frontera,,,,924,404887295,28/04/22
Punto G,Quevedo,,,,1985,381161027,04/11/22
Lovers Rock,TV Girl,,,,6339,466231982,05/06/14
METAMORPHOSIS,INTERWORLD,,,,1561,357580552,25/11/21
Mami Chula,"Quevedo, Jhayco",,,,875,61105704,27/04/23
En Paris,"El Chachito, Junior H",,,,406,198275403,24/12/22
Set Me Free Pt.2,Jimin,,,,340,168448603,17/03/23
I Was Never There,"The Weeknd, Gesaffelstein",,,,4188,705469769,29/03/18
Don't ever say love me (feat. RM of BTS),"RM, Colde",,,,105,34502215,04/05/23
Shut Down,BLACKPINK,,,,1524,482175240,16/09/22
Gato de Noche,"Nengo Flow, Bad Bunny",,,,2651,304118600,22/12/22
Call Out My Name,The Weeknd,,,,11087,1449799467,29/03/18
Like Crazy (English Version),Jimin,,,,373,173627354,24/03/23
Rosa Pastel,"Jasiel Nu��ez, Peso P",,,,200,90025258,02/02/23
Sunroof,"Nicky Youre, Dazy",,,,3741,652704649,03/12/21
Lose Yourself - Soundtrack Version,Eminem,,,,32502,1829992958,01/01/02
Superman,"Eminem, Dina Rae",,,,7615,655466831,26/05/02
Mas Rica Que Ayer,"Mambo Kingz, DJ Luian, Anuel Aa",,,,1208,146409671,02/03/23
People Pt.2 (feat. IU),"IU, Agust D",,,,209,95816024,07/04/23
REMIX EXCLUSIVO,Feid,,,,1235,117206995,17/03/23
"Arc��ngel: Bzrp Music Sessions, Vol","Arcangel, Bizarrap",,,,654,100409613,22/03/23
DOGTOOTH,"Tyler, The Creator",,,,1479,80758350,27/03/23
10:35,"Ti��sto, Tate M",,,,4942,325592432,01/11/22
SORRY NOT SORRY,"Tyler, The Creator",,,,709,58473276,31/03/23
HAPPY,NF,,,,660,52722996,25/03/23
La Bebe,Yng Lvcas,,,,489,191945597,24/12/21
I Know - PR1SVX Edit,"Kanii, PR1ISVX",,,,407,77377503,24/03/23
Late Night Talking,Harry Styles,,,,7461,743693613,20/05/22
Le�,Mar��lia Mendo,,,,993,267789608,09/12/22
Save Your Tears (with Ariana Grande) (Remix),"Ariana Grande, The Weeknd",,,,9161,1221813483,20/03/20
Something in the Orange,Zach Bryan,,,,3282,449701773,22/04/22
VOID,Melanie Martinez,,,,596,67070410,29/03/23
Dijeron Que No La Iba Lograr,"Fuerza Regida, Chino Pacas",,,,320,116334601,14/03/23
Midnight Rain,Taylor Swift,,,,2612,433356509,21/10/22
If We Ever Broke Up,Mae Stephens,,,,2040,165584767,10/02/23
You Proof,Morgan Wallen,,,,2128,367814306,13/05/22
LA INOCENTE,"Feid, Mora",,,,2598,477033549,01/04/22
Malas Decisiones,Kenia OS,,,,542,156214700,26/10/22
Murder In My Mind,Kordhell,,,,2459,448843705,21/01/22
Gangsta's Paradise,"Coolio, L.V.",,,,10624,1357608774,11/07/95
CAIRO,"Karol G, Ovy On The Drums",,,,2418,294352144,13/11/22
I Love You So,The Walters,,,,7536,972164968,28/11/14
Dark Red,Steve Lacy,,,,10431,920045682,20/02/17
Say You Won't Let Go,James Arthur,,,,15722,2420461338,09/09/16
The Hills,The Weeknd,,,,25744,1947371785,27/05/15
Heart To Heart,Mac DeMarco,,,,1640,244658767,10/05/19
Peaches (from The Super Mario Bros. Movie),Jack Black,,,,34,68216992,07/04/23
Marisola - Remix,"Duki, NICKI NICOLE, Cris Mj, Standly, Stars Music Chile",,,,1845,223582566,15/12/22
LOKERA,"Brray, Rauw Alejandro, Lyanno",,,,3301,471819764,25/07/22
Low,SZA,,,,1911,272377463,09/12/22
Numb,Linkin Park,,,,20111,1361425037,24/03/03
Tormenta (feat. Bad Bunny),"Gorillaz, Bad Bunny",,,,1529,149778242,24/02/23
on the street (with J. Cole),"j-hope, J. Cole",,,,615,116599790,03/03/23
One Thing At A Time,Morgan Wallen,,,,811,148469433,02/12/22
Miss You,"Robin Schulz, Oliver Tree",,,,5730,497225336,05/08/22
Ain���t Tha,Morgan Wallen,,,,356,88791109,03/03/23
Thinkin��� B,Morgan Wallen,,,,604,125917280,03/03/23
Private Landing (feat. Justin Bieber & Future),"Don Toliver, Future, Justin Bieber",,,,1190,105062254,23/02/23
Everything I Love,Morgan Wallen,,,,579,95623148,31/01/23
Heaven,Niall Horan,,,,1553,144584800,17/02/23
LET GO,Central Cee,,,,2301,298063749,15/12/22
Sial,Mahalini,,,,134,166570053,23/01/23
I Wrote The Book,Morgan Wallen,,,,430,83021468,31/01/23
"Apna Bana Le (From ""Bhediya"")","Arijit Singh, Sachin-Jigar",,,,86,139836056,05/11/22
SPIT IN MY FACE!,ThxSoMch,,,,629,303216294,31/10/22
PLAYA DEL INGL�,"Myke Towers, Quevedo",,,,1701,221409663,15/12/22
Man Made A Bar (feat. Eric Church),"Morgan Wallen, Eric Church",,,,329,58890931,03/03/23
Red Ruby Da Sleeze,Nicki Minaj,,,,1168,81419389,03/03/23
Kahani Suno 2.0,Kaifi Khalil,,,,162,156777415,31/05/22
Nobody Gets Me,SZA,,,,2536,284908316,09/12/22
PERO T�,"Karol G, Quevedo",,,,387,93438910,23/02/23
Hype Boy,NewJeans,,,,892,363472647,01/08/22
Bloody Mary,Lady Gaga,,,,3909,372476382,01/01/11
Monoton�,"Ozuna, Shakira",,,,3645,380726517,19/10/22
���98 Braves,Morgan Wallen,,,,282,56533272,03/03/23
WANDA,Quevedo,,,,888,175399345,20/01/23
Thought You Should Know,Morgan Wallen,,,,968,203221468,06/05/22
In The End,Linkin Park,,,,25065,1624165576,24/10/00
Zona De Perigo,Leo Santana,,,,531,134294498,08/12/22
Lovezinho,Treyce,,,,242,70069745,28/07/22
I Like You (A Happier Song) (with Doja Cat),"Post Malone, Doja Cat",,,,5281,609293408,03/06/22
Neverita,Bad Bunny,,,,2590,671365962,06/05/22
Vista Al Mar,Quevedo,,,,1769,362361576,08/09/22
Sem Alian��a no ,"MC Xenon, Os Gemeos da Putaria",,,,454,93587665,23/12/22
Enemy (with JID) - from the series Arcane League of Legends,"Imagine Dragons, League of Legends, JID, Arcane",,,,6180,1223481149,03/09/21
Revenge,XXXTENTACION,,,,3600,1022258230,25/08/17
Bombonzinho - Ao Vivo,"Israel & Rodolffo, Ana Castela",,,,1254,263453310,03/11/22
LA CANCI�,"J Balvin, Bad Bunny",,,,6398,1435127549,28/06/19
Qu�� Ago,"Yuridia, Angela Aguilar",,,,660,236857112,20/10/22
Love Again,The Kid Laroi,,,,1283,147538971,27/01/23
After Hours,The Weeknd,,,,8084,698086140,19/02/20
About Damn Time,Lizzo,,,,2332,723894473,15/07/22
Born With A Beer In My Hand,Morgan Wallen,,,,203,34450974,03/03/23
���������������������,Fujii Kaze,,,,685,403097450,20/05/20
Besos Moja2,"Wisin & Yandel, ROSAL�",,,,2460,309483971,29/09/22
Maan Meri Jaan,King,,,,288,319566866,12/10/22
Moscow Mule,Bad Bunny,,,,4572,909001996,06/05/22
My Universe,"Coldplay, BTS",,,,6127,1061966512,24/09/21
Devil Don���,Morgan Wallen,,,,166,32526947,03/03/23
LLYLM,ROSAL�,,,,1838,124988687,27/01/23
I'm Not Here To Make Friends,"Sam Smith, Calvin Harris, Jessie Reyez",,,,1890,103787664,27/01/23
TRUSTFALL,P!nk,,,,2098,134255790,27/01/23
ANTIFRAGILE,LE SSERAFIM,,,,761,301051721,17/10/22
Boy's a liar,PinkPantheress,,,,1225,156338624,30/11/22
VIBE (feat. Jimin of BTS),"TAEYANG, Jimin",,,,415,152850295,13/01/23
Shirt,SZA,,,,3469,309653982,28/10/22
Lift Me Up - From Black Panther: Wakanda Forever - Music From and Inspired By,Rihanna,,,,3311,297328960,28/10/22
STAR WALKIN' (League of Legends Worlds Anthem),Lil Nas X,,,,2616,332506354,22/09/22
"Sex, Drugs, Etc.",Beach Weather,,,,3006,480507035,04/11/16
Boy With Luv (feat. Halsey),"Halsey, BTS",,,,4260,1065580332,12/04/19
"Hey, Mickey!",Baby Tate,,,,482,122763672,27/09/16
Calm Down,R��,,,,4013,445763624,09/02/22
Jhoome Jo Pathaan,"Arijit Singh, Vishal Dadlani, Sukriti Kakar, Vishal-Shekhar, Shekhar Ravjiani, Kumaar",,,,138,1365184,22/12/22
Escapism. - Sped Up,"RAYE, 070 Shake",,,,1368,184308753,25/11/22
Space Song,Beach House,,,,17852,789753877,01/01/15
Dreamers [Music from the FIFA World Cup Qatar 2022 Official Soundtrack],"BTS, Jung Kook, FIFA Sound",,,,889,323358833,20/11/22
Te Felicito,"Shakira, Rauw Alejandro",,,,4796,606361689,21/04/22
Mu��,"Steve Aoki, Tini, La Joaqui",,,,658,120972253,12/01/23
TV,Billie Eilish,,,,3009,338564981,21/07/22
I'm Not The Only One,Sam Smith,,,,17492,1606986953,01/01/14
Heather,Conan Gray,,,,6170,1301799902,20/03/20
"Besharam Rang (From ""Pathaan"")","Vishal-Shekhar, Shilpa Rao, Caralisa Monteiro, Kumaar, Vishal Dadlani, Shekhar Ravjiani",,,,130,140187018,12/12/22
One Kiss (with Dua Lipa),"Calvin Harris, Dua Lipa",,,,27705,1897517891,02/06/17
Sugar Rush Ride,TOMORROW X TOGETHER,,,,359,107642809,27/01/23
Pink Venom,BLACKPINK,,,,1963,551305895,19/08/22
WAIT FOR U (feat. Drake & Tems),"Drake, Future, Tems",,,,5491,556585270,27/04/22
Don't Start Now,Dua Lipa,,,,27119,2303033973,31/10/19
After Dark,Mr.Kitty,,,,1776,646886885,08/08/14
Eu Gosto Assim - Ao Vivo,"Gustavo Mioto, Mari Fernandez",,,,1473,222612678,16/09/22
INDUSTRY BABY (feat. Jack Harlow),"Jack Harlow, Lil Nas X",,,,13315,1814349763,23/07/21
MIDDLE OF THE NIGHT,Elley Duh�,,,,4057,872137015,10/01/20
Atlantis,Seafret,,,,3045,571386359,22/04/15
PUNTO 40,"Baby Rasta, Rauw Alejandro",,,,3006,304079786,22/09/22
Evoque Prata,"DJ Escobar, MC MENOR SG, MC MENOR HR",,,,852,174006928,09/09/22
How Do I Say Goodbye,Dean Lewis,,,,2163,284785823,05/08/22
Blind,SZA,,,,1484,163284000,09/12/22
Die For You,Joji,,,,1703,246390068,04/11/22
Doja,Central Cee,,,,4169,482257456,20/07/22
Gatita,Bellakath,,,,1054,168684524,03/10/22
Rumble,"Skrillex, Flowdan, Fred again..",,,,2849,78489819,17/01/22
Niagara Falls (Foot or 2) [with Travis Scott & 21 Savage],"Travis Scott, 21 Savage, Metro Boomin",,,,1602,195516622,02/12/22
Yonaguni,Bad Bunny,,,,9644,1260594497,04/06/21
Super Freaky Girl,Nicki Minaj,,,,4827,428685680,12/08/22
Running Up That Hill (A Deal With God),Kate Bush,,,,21811,1024858327,16/09/85
Dream On,Aerosmith,,,,168,838586769,05/01/73
Limbo,Freddie Dredd,,,,688,199386237,11/08/22
Where Are You Now,"Lost Frequencies, Calum Scott",,,,10565,972509632,30/07/21
WORTH NOTHING,"Twisted, Oliver Tree",,,,1612,213438580,28/09/22
Bad Habits,Ed Sheeran,,,,12755,1555511105,03/09/20
KICK BACK,Kenshi Yonezu,,,,574,210038833,12/10/22
Evergreen (You Didn���t Deserve Me A,Omar Apollo,,,,2499,227918678,08/04/22
Good Days,SZA,,,,10426,826623384,24/12/20
Levitating (feat. DaBaby),"Dua Lipa, DaBaby",,,,15894,1802514301,27/03/20
Woman,Doja Cat,,,,9424,1329090101,25/06/21
Shut up My Moms Calling - (Sped Up),Hotel Ugly,,,,713,181831132,14/09/22
Ferrari,"James Hype, Miggy Dela Rosa",,,,7758,462791599,14/03/22
"You're On Your Own, Kid",Taylor Swift,,,,2537,348647203,21/10/22
"Kesariya (From ""Brahmastra"")","Pritam, Arijit Singh, Amitabh Bhattacharya",,,,292,366599607,17/07/22
Agudo M��gi,"Styrx, utku INC, Thezth",,,,323,90598517,01/01/30
Payphone,"Maroon 5, Wiz Khalifa",,,,14143,1479264469,01/01/12
All I Want for Christmas Is You,Mariah Carey,,,,25653,1449779435,28/10/94
Last Christmas,Wham!,,,,22153,1159176109,01/01/84
Rockin' Around The Christmas Tree,Brenda Lee,,,,14994,769213520,01/01/58
Jingle Bell Rock,Bobby Helms,,,,10326,741301563,01/01/57
It's Beginning To Look A Lot Like Christmas,Michael Bubl�,,,,12353,807561936,14/10/11
Santa Tell Me,Ariana Grande,,,,9408,834129063,13/12/13
It's the Most Wonderful Time of the Year,Andy Williams,,,,8879,663832097,14/10/63
Let It Snow! Let It Snow! Let It Snow!,Dean Martin,,,,6512,446390129,16/11/59
Snowman,Sia,,,,5140,690104769,01/01/17
Underneath the Tree,Kelly Clarkson,,,,6596,485285717,25/10/13
Feliz Navidad,Jos�� Felic,,,,3788,520034544,01/11/70
Holly Jolly Christmas,Michael Bubl�,,,,7655,476244795,14/10/11
Mistletoe,Justin Bieber,,,,9577,629173063,01/01/11
Sleigh Ride,The Ronettes,,,,10114,404664135,22/11/63
Seek & Destroy,SZA,,,,1007,98709329,09/12/22
Love Language,SZA,,,,1127,110849052,09/12/22
Happy Xmas (War Is Over),"John Lennon, The Harlem Community Choir, The Plastic Ono Band, Yoko Ono",,,,10829,460492795,01/12/71
Used (feat. Don Toliver),"SZA, Don Toliver",,,,1042,94005786,08/12/22
A Holly Jolly Christmas - Single Version,Burl Ives,,,,7930,395591396,01/01/52
The Christmas Song (Merry Christmas To You) - Remastered 1999,Nat King Cole,,,,11500,389771964,01/11/46
Wonderful Christmastime - Edited Version / Remastered 2011,Paul McCartney,,,,1685,403939487,16/11/79
Do They Know It's Christmas? - 1984 Version,Band Aid,,,,14169,481697415,25/11/84
Ghost in the Machine (feat. Phoebe Bridgers),"SZA, Phoebe Bridgers",,,,1634,110073250,09/12/22
Special,SZA,,,,906,88092256,09/12/22
Merry Christmas Everyone,Shakin' Stevens,,,,1087,351636786,01/01/84
Let It Snow! Let It Snow! Let It Snow!,"Frank Sinatra, B. Swanson Quartet",,,,10585,473248298,01/01/50
SOS,SZA,,,,827,73981293,09/12/22
Open Arms (feat. Travis Scott),"SZA, Travis Scott",,,,1420,155653938,08/12/22
White Christmas,"Bing Crosby, John Scott Trotter & His Orchestra, Ken Darby Singers",,,,11940,395591396,01/01/42
Driving Home for Christmas - 2019 Remaster,Chris Rea,,,,888,429504768,01/01/86
Christmas (Baby Please Come Home),Darlene Love,,,,9122,242767149,22/11/63
Gone Girl,SZA,,,,892,65362788,09/12/22
F2F,SZA,,,,989,67540165,09/12/22
Notice Me,SZA,,,,819,62019074,09/12/22
Merry Christmas,"Ed Sheeran, Elton John",,,,2209,135723538,10/11/17
It's Beginning to Look a Lot Like Christmas (with Mitchell Ayres & His Orchestra),"Perry Como, The Fontane Sisters, Mitchell Ayres & His Orchestra",,,,6290,295998468,01/01/58
My Only Wish (This Year),Britney Spears,,,,6952,261116938,07/11/00
Antidepresan,"Mabel Matiz, Mert Demir",,,,313,136689549,04/11/22
Wild Flower (with youjeen),RM,,,,353,135611421,02/12/22
I Hate U,SZA,,,,4094,356709897,03/12/21
Raindrops (Insane) [with Travis Scott],"Travis Scott, Metro Boomin",,,,880,110649992,02/12/22
SPIT IN MY FACE!,ThxSoMch,,,,573,301869854,31/10/22
Deck The Hall - Remastered 1999,Nat King Cole,,,,3299,127027715,01/01/59
Smoking on my Ex Pack,SZA,,,,811,57144458,09/12/22
Conceited,SZA,,,,899,56870689,09/12/22
Snow On The Beach (feat. Lana Del Rey),"Taylor Swift, Lana Del Rey",,,,2415,323437194,21/10/22
Maroon,Taylor Swift,,,,2304,317726339,21/10/22
Tubar��o Te,"Dj LK da Esc��cia, Tchakabum, mc jhenny, M",,,,1003,116144341,28/09/22
Bejeweled,Taylor Swift,,,,2699,328207708,21/10/22
Tarot,"Bad Bunny, Jhay Cortez",,,,2482,608228647,06/05/22
You Make It Feel Like Christmas (feat. Blake Shelton),"Gwen Stefani, Blake Shelton",,,,2577,180577478,20/09/05
Desesperados,"Chencho Corleone, Rauw Alejandro",,,,6821,809306935,25/06/21
Too Late,SZA,,,,714,49262961,08/12/22
Party,"Bad Bunny, Rauw Alejandro",,,,3185,614555082,06/05/22
Run Rudolph Run - Single Version,Chuck Berry,,,,8612,245350949,01/01/58
Jingle Bells - Remastered 1999,Frank Sinatra,,,,4326,178660459,01/01/57
Far,SZA,,,,680,51641685,09/12/22
On Time (with John Legend),"John Legend, Metro Boomin",,,,398,78139948,02/12/22
GAT��,"Maldy, Karol G",,,,3328,322336177,25/08/22
���abcdefu,Gayle,,,,7215,1007612429,13/08/21
Sacrifice,The Weeknd,,,,4440,326792833,07/01/22
Is There Someone Else?,The Weeknd,,,,2881,391251368,07/01/22
Fingers Crossed,"Lauren Spencer Smith, Lauren Spencer Smith, Lauren Spencer Smith",,,,2235,349585590,05/01/22
Out of Time,The Weeknd,,,,3711,339659802,07/01/22
Do It To It,"Cherish, ACRAZE",,,,12403,674772936,20/08/21
We Don't Talk About Bruno,"Adassa, Mauro Castillo, Stephanie Beatriz, Encanto - Cast, Rhenzy Feliz, Diane Guerrero, Carolina Gaitan",,,,2785,432719968,19/11/21
Pepas,Farruko,,,,14114,1309887447,24/06/21
How Do I Make You Love Me?,The Weeknd,,,,1915,119238316,07/01/22
Gasoline,The Weeknd,,,,2297,116903579,07/01/22
Infinity,Jaymes Young,,,,4375,888046992,23/06/17
Less Than Zero,The Weeknd,,,,2800,200660871,07/01/22
Take My Breath,The Weeknd,,,,2597,130655803,06/08/21
good 4 u,Olivia Rodrigo,,,,15563,1887039593,14/05/21
"Here We Go��� Again (feat. Tyler, the Cr","The Weeknd, Tyler, The Creator",,,,1420,88103848,07/01/22
Best Friends,The Weeknd,,,,1292,101114984,07/01/22
Kiss Me More (feat. SZA),"SZA, Doja Cat",,,,15867,1575467011,09/04/21
I Heard You're Married (feat. Lil Wayne),"The Weeknd, Lil Wayne",,,,1178,91656026,07/01/22
Need To Know,Doja Cat,,,,6672,1042568408,11/06/21
MONTERO (Call Me By Your Name),Lil Nas X,,,,12329,1735441776,18/09/20
love nwantiti (ah ah ah),Ckay,,,,5669,726837877,26/07/19
Dawn FM,The Weeknd,,,,811,53933526,07/01/22
Surface Pressure,Jessica Darrow,,,,1756,267758538,19/11/21
Starry Eyes,The Weeknd,,,,1014,74601456,07/01/22
THATS WHAT I WANT,Lil Nas X,,,,7963,920797189,17/09/21
One Right Now (with The Weeknd),"The Weeknd, Post Malone",,,,4771,539595276,05/11/21
Beggin,M��ne,,,,8559,1367810478,08/12/17
Mon Amour - Remix,"Aitana, zzoilo",,,,3221,578207856,21/09/20
Lo Siento BB:/ (with Bad Bunny & Julieta Venegas),"Julieta Venegas, Bad Bunny, Tainy",,,,3423,775542072,05/10/21
MONEY,Lisa,,,,2566,863625566,10/09/21
The Motto,"Ti��sto, Ava",,,,9151,656013912,04/11/21
Happier Than Ever,Billie Eilish,,,,8476,1056760045,30/07/21
Moth To A Flame (with The Weeknd),"The Weeknd, Swedish House Mafia",,,,7495,611994237,22/10/21
traitor,"Juan Cruz Toledo, Huilen Toledo",,,,5257,1230855859,21/05/21
Toxic,BoyWithUke,,,,1795,582981380,10/09/21
drivers license,Olivia Rodrigo,,,,12685,1858144199,08/01/21
Malvad��,"Xam��, Gustah, Neo B",,,,648,240684449,30/11/21
All Too Well (10 Minute Version) (Taylor's Version) (From The Vault),Taylor Swift,,,,4635,583687007,12/11/21
Don���t Break My,The Weeknd,,,,1184,63803529,07/01/22
Oh My God,Adele,,,,4431,466214729,19/11/21
Entre Nosotros (Remix) [con Nicki Nicole],"Lit Killah, Maria Becerra, Tiago pzk, NICKI NICOLE",,,,759,236940480,05/01/22
A Tale By Quincy,The Weeknd,,,,733,41924466,07/01/22
I AM WOMAN,Emmy Meli,,,,2795,225259194,18/11/21
Medallo,"Justin Quiles, Lenny Tav��rez, BL",,,,2780,393230256,27/10/21
It'll Be Okay,Shawn Mendes,,,,1950,287201015,01/12/21
Softcore,The Neighbourhood,,,,3947,599770206,09/03/18
Super Gremlin,Kodak Black,,,,2551,342779426,30/10/21
Volv�,"Aventura, Bad Bunny",,,,5375,673801126,03/08/21
Todo De Ti,Rauw Alejandro,,,,11975,1168642797,02/11/20
Love Nwantiti - Remix,"Ckay, AX'EL, Dj Yo!",,,,2696,540539717,30/08/19
Smokin Out The Window,"Bruno Mars, Anderson .Paak, Silk Sonic",,,,4963,383550148,05/11/21
Meet Me At Our Spot,"THE ANXIETY, Willow, Tyler Cole",,,,6734,530511203,13/03/20
Every Angel is Terrifying,The Weeknd,,,,715,37307967,07/01/22
Tacones Rojos,Sebastian Yatra,,,,3047,510876816,22/10/21
Peaches (feat. Daniel Caesar & Giveon),"Justin Bieber, Daniel Caesar, Giveon",,,,14140,1445941661,19/03/21
Dakiti,"Bad Bunny, Jhay Cortez",,,,11215,1763363713,30/10/20
"Tiago PZK: Bzrp Music Sessions, Vol. 48","Bizarrap, Tiago pzk",,,,1678,374191487,29/12/21
L���,Stromae,,,,2035,108809090,09/01/22
Nost��l,"Chris Brown, Rvssian, Rauw Alejandro",,,,2780,436695353,08/09/21
Better Days (NEIKED x Mae Muller x Polo G),"NEIKED, Mae Muller, Polo G",,,,4091,421040617,24/09/21
Life Goes On,Oliver Tree,,,,2868,501541661,17/07/20
Sad Girlz Luv Money Remix (feat. Kali Uchis),"Kali Uchis, Amaarae, Moliy",,,,3643,354065229,16/09/21
Butter,BTS,,,,4779,1143647827,21/05/21
pushin P (feat. Young Thug),"Young Thug, Future, Gunna",,,,3517,311395144,07/01/22
You Right,"Doja Cat, The Weeknd",,,,5073,672656250,24/06/21
deja vu,Olivia Rodrigo,,,,7545,1256880657,01/04/21
Dynamite,BTS,,,,8528,1692897992,21/08/20
TO THE MOON,Jnr Choi,,,,2979,245095641,05/11/21
Lost in the Fire,"The Weeknd, Gesaffelstein",,,,7731,686734357,11/01/19
Salimo de Noche,"Trueno, Tiago pzk",,,,1057,261414174,21/10/21
Volando - Remix,"Sech, Bad Bunny, Mora",,,,3272,610045621,08/07/21
Leave The Door Open,"Bruno Mars, Anderson .Paak, Silk Sonic",,,,14417,1115880852,05/03/21
Knife Talk (with 21 Savage ft. Project Pat),"Drake, Project Pat, 21 Savage",,,,5199,594482982,03/09/21
Don't Be Shy,"Ti��sto, Kar",,,,6026,566954746,01/08/21
Love Grows (Where My Rosemary Goes),Edison Lighthouse,,,,2877,BPM110KeyAModeMajorDanceability53Valence75Energy69Acousticness7Instrumentalness0Liveness17Speechiness3,01/01/70
LA FAMA (with The Weeknd),"The Weeknd, ROSAL�",,,,4640,374706940,11/11/21
The Family Madrigal,"Olga Merediz, Stephanie Beatriz, Encanto - Cast",,,,1150,184937148,19/11/21
Phantom Regret by Jim,The Weeknd,,,,768,31959571,07/01/22
Dos Oruguitas,Sebastian Yatra,,,,925,167076418,19/11/21
Freaks,Surf Curse,,,,3006,824420218,10/05/15
Acapulco,Jason Derulo,,,,3098,363467642,01/09/21
Daddy Issues,The Neighbourhood,,,,9771,1127468248,30/10/15
thought i was playing,"21 Savage, Gunna",,,,807,60680939,07/01/22
ELEVEN,IVE,,,,521,247737946,01/12/21
Mood (feat. Iann Dior),"24kgoldn, Iann Dior",,,,12854,1699402402,24/07/20
What Else Can I Do?,"Stephanie Beatriz, Diane Guerrero",,,,802,154797871,19/11/21
DANCE CRIP,Trueno,,,,731,198883004,17/11/21
Miserable Man,David Kushner,,,,788,124407432,07/01/22
happier,Olivia Rodrigo,,,,3069,850608354,21/05/21
Praise God,Kanye West,,,,4651,376333030,29/08/21
Get Into It (Yuh),Doja Cat,,,,4999,516784627,25/06/21
Before You Go,Lewis Capaldi,,,,8327,1608045237,01/11/19
Sky,Playboi Carti,,,,3297,506778838,25/12/20
Rolling in the Deep,Adele,,,,35684,1472799873,29/11/10
Sobrio,Maluma,,,,3506,513643924,08/07/21
Peru,"Ed Sheeran, Fireboy DML",,,,2999,261286503,23/12/21
favorite crime,Olivia Rodrigo,,,,3681,783706581,21/05/21
Thunder,"Prezioso, Gabry Ponte, LUM!X",,,,4846,422691058,07/05/21
The Business,Ti��,,,,14311,1062345656,01/01/20
positions,Ariana Grande,,,,8207,1252563873,23/10/20
I WANNA BE YOUR SLAVE,M��ne,,,,4873,851070493,19/03/21
Vai L�� Em Casa ,"Mar��lia Mendon��a, George Henrique &",,,,772,263894529,22/10/21
The Feels,TWICE,,,,1150,345903614,01/10/21
HEARTBREAK ANNIVERSARY,Giveon,,,,5398,951637566,21/02/20
No Lie,"Sean Paul, Dua Lipa",,,,7370,956865266,18/11/16
OUT OUT (feat. Charli XCX & Saweetie),"Charli XCX, Jax Jones, Joel Corry, Saweetie",,,,6890,427486004,13/08/21
Pope Is a Rockstar,SALES,,,,1966,156658366,20/04/16
2055,Sleepy hallow,,,,2226,624515457,14/04/21
Bored,Billie Eilish,,,,4204,777765388,30/03/17
Happier Than Ever - Edit,Billie Eilish,,,,1959,412795151,28/07/21
Astronaut In The Ocean,Masked Wolf,,,,7191,1138474110,01/01/19
Ley Seca,"Anuel Aa, Jhay Cortez",,,,2012,355219175,02/09/21
Every Summertime,NIKI,,,,1211,290228626,10/08/21
Talking To The Moon,Bruno Mars,,,,7109,1062956628,04/10/10
you broke me first,Tate McRae,,,,6638,1180094974,17/04/20
The Nights,Avicii,,,,17354,1456081449,01/01/14
Take My Breath,The Weeknd,,,,6392,432702334,06/08/21
Way 2 Sexy (with Future & Young Thug),"Drake, Future, Young Thug",,,,5481,489945871,03/09/21
C��,Rauw Alejandro,,,,2636,465959382,25/06/21
Enemy - from the series Arcane League of Legends,"Imagine Dragons, League of Legends, Arcane",,,,824,1223481149,27/10/21
Dance Monkey,Tones and I,,,,24529,2864791672,10/05/19
Lucid Dreams,Juice WRLD,,,,14749,2288695111,15/06/17
Qu�� M��,"J Balvin, Maria Becerra",,,,8087,720825549,28/01/21
All of Me,John Legend,,,,27221,2086124197,01/08/13
Smells Like Teen Spirit - Remastered 2021,Nirvana,,,,49991,1690192927,10/09/91
Arcade,Duncan Laurence,,,,6646,991336132,07/03/19
Fair Trade (with Travis Scott),"Drake, Travis Scott",,,,5403,593917618,03/09/21
Bar,"Tini, L-Gante",,,,755,200972675,11/11/21
The Rumbling (TV Size),SiM,,,,254,71014967,10/01/22
family ties (with Kendrick Lamar),"Kendrick Lamar, Baby Keem",,,,6308,560222750,27/08/21
Mr. Brightside,The Killers,,,,51979,1806617704,23/09/03
Blessed-Cursed,ENHYPEN,,,,246,77337771,10/01/22
AM Remix,"J Balvin, Nio Garcia, Bad Bunny",,,,6556,528544703,24/06/21
Streets,Doja Cat,,,,5728,865640097,07/11/19
Shallow,"Lady Gaga, Bradley Cooper",,,,16636,2159346687,27/09/18
Polaroid Love,ENHYPEN,,,,461,211372494,10/01/22
Leave Before You Love Me (with Jonas Brothers),"Marshmello, Jonas Brothers",,,,4893,651732901,28/04/21
Permission to Dance,BTS,,,,1801,608334048,09/07/21
Friday (feat. Mufasa & Hypeman) - Dopamine Re-Edit,"Riton, Nightcrawlers, Mufasa & Hypeman, Dopamine",,,,12043,863756573,15/01/21
RAPSTAR,Polo G,,,,4731,797402345,09/04/21
'Till I Collapse,"Eminem, Nate Dogg",,,,22923,1695712020,26/05/02
Memories,Maroon 5,,,,9974,1759567999,20/09/19
Se Le Ve,"Arcangel, De La Ghetto, Justin Quiles, Lenny Tav��rez, Sech, Dalex, Dimelo Flow, Rich Music",,,,1560,223319934,12/08/21
25k jacket (feat. Lil Baby),"Gunna, Lil Baby",,,,620,54937991,07/01/22
When I���m Gone (with Katy ,"Katy Perry, Alesso",,,,3270,226897599,29/12/21
Esque��a-Me Se For C,"Mar��lia Mendon��a, Maiara &",,,,580,258316038,14/10/21
Mi��n,"Tini, Maria Becerra",,,,3406,596152090,29/04/21
S��,"Anuel Aa, Myke Towers, Jhay Cortez",,,,903,177129919,18/11/21
MAMIII,"Karol G, Becky G",,,,6809,716591492,10/02/22
Still D.R.E.,"Dr. Dre, Snoop Dogg",,,,33966,1210599487,01/01/99
Stay Alive (Prod. SUGA of BTS),Jung Kook,,,,590,246376690,11/02/22
Boyfriend,Dove Cameron,,,,3766,496311364,11/02/22
The Joker And The Queen (feat. Taylor Swift),"Ed Sheeran, Taylor Swift",,,,1430,146789379,11/02/22
The Next Episode,"Dr. Dre, Snoop Dogg",,,,31762,843309044,01/01/99
Light Switch,Charlie Puth,,,,4049,500340342,19/01/22
City of Gods,"Kanye West, Alicia Keys, Fivio Foreign",,,,2096,107255472,11/02/22
Brividi,"Mahmood, Blanco",,,,1175,135079152,02/02/22
Lost,Frank Ocean,,,,29499,822239726,01/01/12
In Da Club,50 Cent,,,,30427,1202722675,01/01/02
she's all i wanna be,Tate McRae,,,,2711,343197054,04/02/22
Ginseng Strip 2002,Yung Lean,,,,4310,240769997,16/08/13
All For Us - from the HBO Original Series Euphoria,"Labrinth, Zendaya",,,,5342,426204830,04/08/19
Notion,The Rare Occasions,,,,2393,421135627,05/08/16
Formula,Labrinth,,,,3444,554875730,04/10/19
Mount Everest,Labrinth,,,,5443,467727006,21/06/19
Excuses,"Intense, AP Dhillon, Gurinder Gill",,,,272,327498031,24/07/20
Cigarettes,Juice WRLD,,,,975,185408548,10/12/21
"Cay�� La Noche (feat. Cruz Cafun��, Abhir Hathi, Bejo, EL IMA)","Quevedo, La Pantera, Juseph, Cruz Cafun��, B��jo, Abhir Hathi",,,,1034,245400167,14/01/22
California Love - Original Version (Explicit),"Dr. Dre, 2Pac, Roger",,,,18773,579395142,28/12/95
Forgot About Dre,"Eminem, Dr. Dre",,,,19067,675039469,01/01/99
Down Under (feat. Colin Hay),"Luude, Colin Hay",,,,3541,252871192,19/11/21
Mujeriego,Ryan Castro,,,,1492,231996128,17/12/21
HUMBLE.,Kendrick Lamar,,,,33206,1929770265,30/03/17
Stan,"Eminem, Dido",,,,17115,918915401,21/11/99
Contection,"GODZZ__-, Zakaria",,,,6955,1180896317,16/01/20
Swim,Chase Atlantic,,,,2742,498960285,04/10/17
A Tu Merced,Bad Bunny,,,,4214,685071800,29/02/20
Numb Little Bug,Em Beihold,,,,2026,258714692,28/01/22
212,"Mainstreet, Chefin",,,,352,143139338,15/01/22
Problem�,"Alvaro Diaz, Rauw Alejandro",,,,1517,209768491,22/10/21
Bussin,"Nicki Minaj, Lil Baby",,,,847,64714573,11/02/22
Worst Day,Future,,,,910,50746620,11/02/22
Malvada,Z�� Fe,,,,601,154119539,28/01/22
Hrs and Hrs,Muni Long,,,,1800,181328253,19/11/21
Alien Blues,Vundabar,,,,1930,370068639,24/07/15
Thinking Out Loud,Ed Sheeran,,,,33032,2280566092,01/01/14
Still Don't Know My Name,Labrinth,,,,6332,563902868,04/10/19
Christmas Tree,V,,,,509,317622165,24/12/21
Mal Feito - Ao Vivo,"Mar��lia Mendon��a, Hugo & G",,,,971,291709698,14/01/22
When I R.I.P.,Labrinth,,,,2578,203680270,04/10/19
Do We Have A Problem?,"Nicki Minaj, Lil Baby",,,,1064,81350745,04/02/22
Forever,Labrinth,,,,3618,282883169,04/10/19
Gospel (with Eminem),"Eminem, Dr. Dre",,,,1040,64787943,04/02/22
Se��o,"Shawn Mendes, Camila Cabello",,,,15010,2484812918,19/06/19
NEW MAGIC WAND,"Tyler, The Creator",,,,4708,461437791,16/05/19
Adore You,Harry Styles,,,,13454,1439191367,06/12/19
La Santa,"Daddy Yankee, Bad Bunny",,,,4890,759208783,29/02/20
Something In The Way - Remastered 2021,Nirvana,,,,9514,368646862,24/09/91
Sweetest Pie,"Dua Lipa, Megan Thee Stallion",,,,3501,299634472,11/03/22
Bam Bam (feat. Ed Sheeran),"Camila Cabello, Ed Sheeran",,,,6111,756907987,04/03/22
Una Noche en Medell�,Cris Mj,,,,5415,682475162,21/01/22
Envolver,Anitta,,,,4673,546191065,11/11/21
Starlight,Dave,,,,1856,229473310,03/03/22
Hati-Hati di Jalan,Tulus,,,,200,202677468,03/03/22
"I'm Tired - From ""Euphoria"" An Original HBO Series",Labrinth,,,,1888,121913181,04/02/22
DAN��A,"Mc Pedrinho, Pedro Sampaio",,,,911,208166039,01/02/22
Yo Voy (feat. Daddy Yankee),Zion & Lennox,,,,2954,527033089,04/05/04
"Residente: Bzrp Music Sessions, Vol. 49","Residente, Bizarrap",,,,461,94616487,03/03/22
Jordan,Ryan Castro,,,,2844,394030335,30/04/21
Nail Tech,Jack Harlow,,,,2939,193443895,18/02/22
Chale,Eden Mu��,,,,695,299648208,18/02/22
DARARI,Treasure,,,,328,182978249,15/02/22
Ya No Somos Ni Seremos,Christian Nodal,,,,866,319757142,18/02/22
Thinking with My Dick,"Kevin Gates, Juicy J",,,,1550,109091573,16/07/13
Freaky Deaky,"Tyga, Doja Cat",,,,1729,153240879,25/02/22
this is what falling in love feels like,JVKE,,,,2005,346127840,03/09/21
La Zona,Bad Bunny,,,,1188,312622938,29/02/20
Bohemian Rhapsody - Remastered 2011,Queen,,,,40112,2197010679,31/10/75
Hope,XXXTENTACION,,,,3659,1200808494,16/03/18
Levitating,Dua Lipa,,,,9833,797196073,27/03/20
Wake Me Up - Radio Edit,Avicii,,,,50887,1970673297,01/01/13
"jealousy, jealousy",Olivia Rodrigo,,,,3257,665765558,21/05/21
Mon��y so,YEAT,,,,1473,263779030,10/09/21
Demasiadas Mujeres,C. Tangana,,,,2226,339473453,08/10/20
Something Just Like This,"The Chainsmokers, Coldplay",,,,23375,2204080728,22/02/17
Closer,"The Chainsmokers, Halsey",,,,28032,2591224264,31/05/16
O.O,NMIXX,,,,290,135444283,22/02/22
Somebody That I Used To Know,"Gotye, Kimbra",,,,42798,1457139296,01/01/11
Tom's Diner,"AnnenMayKantereit, Giant Rooks",,,,2605,236872197,28/06/19
First Class,Jack Harlow,,,,8737,694525298,08/04/22
Plan A,Paulo Londra,,,,1105,240661097,23/03/22
Fuera del mercado,Danny Ocean,,,,2499,421365166,17/02/22
X ��LTIMA,"Daddy Yankee, Bad Bunny",,,,2697,349746291,25/03/22
When You're Gone,Shawn Mendes,,,,2092,255120451,31/03/22
In My Head,Lil Tjay,,,,1185,190981339,01/04/22
Wait a Minute!,Willow,,,,11985,924193303,11/01/15
LOVE DIVE,IVE,,,,753,305771063,05/04/22
Pantysito,"Feid, Alejo, Robi",,,,2995,273005485,18/03/22
Chance,Paulo Londra,,,,225,89566512,06/04/22
Cool for the Summer,Demi Lovato,,,,9243,677389855,01/01/15
psychofreak (feat. WILLOW),"Camila Cabello, Willow",,,,918,75476209,07/04/22
Angel Baby,Troye Sivan,,,,1959,408843328,09/09/21
Vampiro,"Matu��, Wiu, ",,,,540,187772591,30/01/22
Si Quieren Frontear,"De La Ghetto, Duki, Quevedo",,,,859,178512385,31/03/22
Right On,Lil Baby,,,,1116,101780047,08/04/22
Me Arrepent�,"Ak4:20, Cris Mj, Pailita",,,,273,118381354,30/03/22
That's Hilarious,Charlie Puth,,,,686,146363130,08/04/22
Soy El Unico,Yahritza Y Su Esencia,,,,226,126443991,25/03/22
RUMBAT�,Daddy Yankee,,,,1264,157990698,25/03/22
sentaDONA (Remix) s2,"Lu��sa Sonza, MC Frog, Dj Gabriel do Borel, Davi K",,,,870,176290831,17/03/22
Falling,Harry Styles,,,,7556,1023187129,13/12/19
Sigue,"Ed Sheeran, J Balvin",,,,1370,106933107,24/11/96
Fim de Semana no Rio,teto,,,,315,139193812,30/03/22
MANIAC,Stray Kids,,,,651,212234990,18/03/22
There's Nothing Holdin' Me Back,Shawn Mendes,,,,12382,1714490998,23/09/16
IDGAF (with blackbear),"Blackbear, BoyWithUke",,,,625,197643795,18/03/22
Golden,Harry Styles,,,,8429,807015863,13/12/19
Get Lucky - Radio Edit,"Pharrell Williams, Nile Rodgers, Daft Punk",,,,52898,933815613,01/01/13
Ain't Shit,Doja Cat,,,,3436,499710590,25/06/21
"Nobody Like U - From ""Turning Red""","Jordan Fisher, Josh Levi, Finneas O'Connell, 4*TOWN (From Disney and Pixar���s Turning Red), Topher Ngo, Grayson Vill",,,,918,120847157,25/02/22
Still Life,BIGBANG,,,,181,53909146,05/04/22
Photograph,Ed Sheeran,,,,18778,2236667932,20/06/14
Love Yourself,Justin Bieber,,,,22730,2123309722,09/11/15
N95,Kendrick Lamar,,,,5542,301242089,13/05/22
About Damn Time,Lizzo,,,,9021,723894473,14/04/22
Die Hard,"Kendrick Lamar, Blxst, Amanda Reifer",,,,4627,237351106,13/05/22
Despu��s de la P,Bad Bunny,,,,2229,461558540,06/05/22
Un Ratito,Bad Bunny,,,,1112,417230415,06/05/22
United In Grief,Kendrick Lamar,,,,2575,156898322,13/05/22
Father Time (feat. Sampha),"Kendrick Lamar, Sampha",,,,3107,127309180,13/05/22
Yo No Soy Celoso,Bad Bunny,,,,1179,313113297,06/05/22
Rich Spirit,Kendrick Lamar,,,,3486,173702135,13/05/22
Cooped Up (with Roddy Ricch),"Post Malone, Roddy Ricch",,,,2942,271666301,12/05/22
Me Fui de Vacaciones,Bad Bunny,,,,1443,305650299,06/05/22
Silent Hill,"Kendrick Lamar, Kodak Black",,,,3028,123216717,13/05/22
La Corriente,"Tony Dize, Bad Bunny",,,,1796,479655659,06/05/22
Count Me Out,Kendrick Lamar,,,,2729,126191104,13/05/22
Andrea,"Buscabulla, Bad Bunny",,,,1195,344055883,06/05/22
Dos Mil 16,Bad Bunny,,,,892,338422004,06/05/22
We Cry Together,"Kendrick Lamar, Taylour Paige",,,,1635,68895644,13/05/22
Savior,"Kendrick Lamar, Sam Dew, Baby Keem",,,,2291,86176890,13/05/22
Un Coco,Bad Bunny,,,,1029,403231558,06/05/22
Otro Atardecer,"Bad Bunny, The Mar��",,,,1681,319546754,06/05/22
Worldwide Steppers,Kendrick Lamar,,,,1480,61739839,13/05/22
Aguacero,Bad Bunny,,,,829,283359161,06/05/22
Purple Hearts,"Kendrick Lamar, Ghostface Killah, Summer Walker",,,,2308,76831876,13/05/22
Un Verano Sin Ti,Bad Bunny,,,,1004,283332261,06/05/22
ULTRA SOLO,"Polima WestCoast, Pailita",,,,1367,307752576,14/02/22
Ens����ame ,Bad Bunny,,,,1112,279737940,06/05/22
El Apag�,Bad Bunny,,,,1209,212351890,06/05/22
Callaita,"Bad Bunny, Tainy",,,,9539,1304313953,31/05/19
Dua Lipa,Jack Harlow,,,,1992,150500965,06/05/22
Agosto,Bad Bunny,,,,897,246127838,06/05/22
House Of Memories,Panic! At The Disco,,,,2948,582863434,15/01/16
Mr. Morale,"Kendrick Lamar, Tanna Leone",,,,1860,58687425,13/05/22
That That (prod. & feat. SUGA of BTS),"PSY, Suga",,,,802,212109195,29/04/22
In The Stars,Benson Boone,,,,2224,382199619,29/04/22
Rich - Interlude,Kendrick Lamar,,,,1103,41210087,13/05/22
SUPERMODEL,M��ne,,,,2265,231657891,13/05/22
Stefania (Kalush Orchestra),KALUSH,,,,555,53729194,10/03/22
Thousand Miles,The Kid Laroi,,,,2050,244741137,22/04/22
Crown,Kendrick Lamar,,,,1493,42485571,13/05/22
Auntie Diaries,Kendrick Lamar,,,,1545,37778188,13/05/22
PUFFIN ON ZOOTIEZ,Future,,,,2350,254218729,29/04/22
Mirror,Kendrick Lamar,,,,1929,53603447,13/05/22
Beautiful Girl,Luciano,,,,710,160035717,22/04/22
"Paulo Londra: Bzrp Music Sessions, Vol. 23","Bizarrap, Paulo Londra",,,,928,164163229,25/04/22
Savior - Interlude,Kendrick Lamar,,,,1194,37091576,13/05/22
Pasoori,"Shae Gill, Ali Sethi",,,,349,284249832,06/02/22
Mother I Sober (feat. Beth Gibbons of Portishead),"Kendrick Lamar, Beth Gibbons",,,,1890,33381454,13/05/22
TUS L��GR,"Sech, Mora",,,,1308,184622518,01/04/22
Where Did You Go?,"MNEK, Jax Jones",,,,4531,300983101,26/01/22
I Tried to Tell Y'all,"Ugly Dray, Tesla Jnr",,,,1657,121077868,06/05/22
Honest (feat. Don Toliver),"Justin Bieber, Don Toliver",,,,1351,106919680,29/04/22
ZOOM,Jessi,,,,608,136996305,13/04/22
SloMo,Chanel,,,,1211,65719930,24/12/21
FEARLESS,LE SSERAFIM,,,,629,229497852,02/05/22
10 Things I Hate About You,Leah Kate,,,,1301,185550869,23/03/22
SPACE MAN,Sam Ryder,,,,1329,54682594,22/02/22
With you,"HA SUNG WOON, Jimin",,,,343,240580042,24/04/22
Iris,The Goo Goo Dolls,,,,13101,1284942608,31/03/98
The Heart Part 5,Kendrick Lamar,,,,2939,71423324,08/05/22
San Lucas,Kevin Kaarl,,,,407,244891912,07/11/19
This Love (Taylor���s Ve,Taylor Swift,,,,1492,132171975,06/05/22
Good Looking,Suki Waterhouse,,,,2264,184706613,20/10/17
Flowers,Lauren Spencer Smith,,,,801,184826429,09/08/21
Yet To Come,BTS,,,,829,302006641,10/06/22
Run BTS,BTS,,,,736,330881149,10/06/22
Music For a Sushi Restaurant,Harry Styles,,,,4449,334733572,20/05/22
Matilda,Harry Styles,,,,3218,366214458,20/05/22
For Youth,BTS,,,,327,114546317,10/06/22
Daylight,Harry Styles,,,,2775,290833204,20/05/22
Vegas (From the Original Motion Picture Soundtrack ELVIS),Doja Cat,,,,4576,448500832,06/05/22
Cash In Cash Out,"Pharrell Williams, Tyler, The Creator, 21 Savage",,,,2313,136676504,10/06/22
Potion (with Dua Lipa & Young Thug),"Calvin Harris, Dua Lipa, Young Thug",,,,3983,190625045,27/05/22
Born Singer,BTS,,,,279,79095270,10/06/22
Little Freak,Harry Styles,,,,2302,273194684,20/05/22
La Llevo Al Cielo (Ft. ��engo F,"Nengo Flow, Anuel Aa, Chris Jedi, Chencho Corleone",,,,3559,333146475,20/05/22
True Love,"Kanye West, XXXTENTACION",,,,2129,194902696,27/05/22
Satellite,Harry Styles,,,,3291,311482393,20/05/22
Pass The Dutchie,Musical Youth,,,,5328,195918494,01/01/82
"Villano Antillano: Bzrp Music Sessions, Vol. 51","Bizarrap, Villano Antillano",,,,1401,248511839,08/06/22
Love Of My Life,Harry Styles,,,,1933,233671263,20/05/22
Grapejuice,Harry Styles,,,,1986,199587884,20/05/22
So Good,Halsey,,,,1057,91781263,09/06/22
Belly Dancer,"BYOR, Imanbek",,,,5115,383835984,18/02/22
Keep Driving,Harry Styles,,,,2094,236060709,20/05/22
Cinema,Harry Styles,,,,2171,189236868,20/05/22
Die Young (feat. 347aidan),"Sleepy hallow, 347aidan",,,,896,160845341,25/05/22
Only Love Can Hurt Like This,Paloma Faith,,,,5148,588955257,01/01/14
Hold My Hand,Lady Gaga,,,,2528,238350348,03/05/22
Daydreaming,Harry Styles,,,,1900,187703102,20/05/22
Numb,"Marshmello, Khalid",,,,3879,295307001,10/06/22
Nos Comemos (feat. Ozuna),"Ozuna, Tiago pzk",,,,896,138334433,02/06/22
Me and Your Mama,Childish Gambino,,,,8775,445590495,10/11/16
Crazy What Love Can Do,"David Guetta, Ella Henderson, Becky Hill",,,,5290,286739476,18/03/22
SLOW DANCING IN THE DARK,Joji,,,,10211,1122364376,12/09/18
Antes de Perderte,Duki,,,,584,157136970,02/06/22
Boyfriends,Harry Styles,,,,1517,137070925,20/05/22
295,Sidhu Moose Wala,,,,246,183273246,15/05/21
Tak Ingin Usai,Keisya Levronka,,,,220,184807630,13/05/22
En El Radio Un Cochinero,Victor Cibrian,,,,514,164856284,13/05/22
Master of Puppets (Remastered),Metallica,,,,6080,704171068,03/03/86
BREAK MY SOUL,Beyonc�,,,,9724,354614964,21/06/22
ULTRA SOLO REMIX,"De La Ghetto, Feid, Polima WestCoast, Paloma Mami, Pailita",,,,2341,279717388,16/06/22
Massive,Drake,,,,5263,195628667,17/06/22
Betty (Get Money),Yung Gravy,,,,2402,221752937,10/06/22
Ojos Marrones,Lasso,,,,795,263280370,06/02/22
POP!,Nayeon,,,,571,213505179,24/06/22
Layla,"Sch��rze, DJ R",,,,832,130419412,24/03/22
MORE,j-hope,,,,565,155795783,01/07/22
Sweet Child O' Mine,Guns N' Roses,,,,41231,1553497987,01/01/87
Last Last,Burna Boy,,,,4526,293466523,12/05/22
SNAP,Rosa Linn,,,,1818,711366595,19/03/22
Sticky,Drake,,,,2814,191448892,17/06/22
Hot Shit (feat. Ye & Lil Durk),"Kanye West, Lil Durk, Cardi B",,,,1601,85924992,01/07/22
Ai Preto,"L7nnon, DJ Biel do Furduncinho, Bianca",,,,894,176103902,03/06/22
La Loto,"Anitta, Tini, Becky G",,,,945,121189256,06/07/22
die first,Nessa Barrett,,,,767,131746175,24/06/22
Afraid To Feel,LF System,,,,5898,244790012,02/05/22
Baile no Morro,"Mc Vitin Da Igrejinha, MC Tairon, DJ Win",,,,685,129314708,10/06/22
c��mo dormi,Rels B,,,,1452,331511413,04/08/22
Bad Decisions (with BTS & Snoop Dogg),"Snoop Dogg, BTS, Benny Blanco",,,,1456,219196651,05/08/22
STAYING ALIVE (feat. Drake & Lil Baby),"Drake, DJ Khaled, Lil Baby",,,,2107,170732845,05/08/22
Caile,Luar La L,,,,1494,273914335,18/12/20
Si Te La Encuentras Por Ah�,Feid,,,,1379,179061440,05/08/22
GIVENCHY,Duki,,,,625,185236961,20/07/22
ALIEN SUPERSTAR,Beyonc�,,,,2688,171788484,29/07/22
Mary On A Cross,Ghost,,,,2668,387080183,13/09/19
Attention,NewJeans,,,,799,264717480,01/08/22
THE SHADE,Rex Orange County,,,,1189,244928911,11/03/22
"Come Back Home - From ""Purple Hearts""",Sofia Carson,,,,367,97610446,12/07/22
El Rescate,"Grupo Marca Registrada, Junior H",,,,527,287278853,22/07/22
Heartless,Kanye West,,,,17504,887906111,01/01/08
"Stay With Me (with Justin Timberlake, Halsey, & Pharrell)","Calvin Harris, Halsey, Pharrell Williams, Justin Timberlake",,,,3113,123473120,15/07/22
Siempre Pendientes,"Peso Pluma, Luis R Conriquez",,,,685,295152154,15/08/22
JGL,"Luis R Conriquez, La Adictiva",,,,782,323455692,18/02/22
Don't You Worry,"David Guetta, Shakira, Black Eyed Peas",,,,2442,240918092,16/06/22
Pipoco,"Melody, Ana Castela, Dj Chris No Beat",,,,1112,191873381,20/05/22
Hold Me Closer,"Elton John, Britney Spears",,,,4967,284216603,10/11/17
Forget Me,Lewis Capaldi,,,,2520,239411309,09/09/22
After LIKE,IVE,,,,767,265548837,22/08/22
Bound 2,Kanye West,,,,19806,703301727,01/01/13
B.O.T.A. (Baddest Of Them All) - Edit,"Interplanetary Criminal, Eliza Rose",,,,5153,244585109,15/06/22
Talk that Talk,TWICE,,,,615,189476119,26/08/22
BILLIE EILISH.,Armani White,,,,2537,277132266,20/01/22
Ferxxo 100,Feid,,,,1647,278920007,03/06/22
KU LO SA - A COLORS SHOW,Oxlade,,,,2019,222410722,10/06/22
Prohibidox,Feid,,,,1473,185392587,13/09/22
Static,Steve Lacy,,,,1613,202452860,15/07/22
The Scientist,Coldplay,,,,30992,1608164312,05/08/02
Sparks,Coldplay,,,,10826,624101957,10/07/00
Talk,YEAT,,,,920,148461629,02/09/22
XQ Te Pones As�,"Yandel, Feid",,,,308,47093942,13/09/22
Selfish,PnB Rock,,,,2468,380319238,23/06/16
Sin Se��,"Ovy On The Drums, Quevedo",,,,1097,209106362,22/07/22
Lady Mi Amor,Feid,,,,330,53987404,13/09/22
Poland,Lil Yachty,,,,1584,115331792,23/06/22
THE LONELIEST,M��ne,,,,1585,225093344,07/10/22
Bye Bye,"Marshmello, Juice WRLD",,,,766,84697729,14/10/22
BABY OTAKU,"Fran C, Polima WestCoast, Nickoog Clk, Pablito Pesadilla",,,,836,159240673,18/08/22
Nxde,(G)I-DLE,,,,430,170709584,17/10/22
Miss You,Southstar,,,,2020,154356956,16/05/82
we fell in love in october,girl in red,,,,6858,723043854,21/11/18
2 Be Loved (Am I Ready),Lizzo,,,,3682,247689123,14/07/22
Celestial,Ed Sheeran,,,,1639,176474912,29/09/22
Typa Girl,BLACKPINK,,,,452,235549288,16/09/22
I Really Want to Stay at Your House,"Rosa Walton, Hallie Coggins",,,,668,140430339,18/12/20
California Breeze,Lil Baby,,,,991,85559365,14/10/22
Bamba (feat. Aitch & BIA),"Luciano, Aitch, B�",,,,869,146223492,22/09/22
Casei Com a Putaria,"MC Ryan SP, Love Funk, Mc Paiva ZS",,,,648,187701588,01/07/22
Major Distribution,"Drake, 21 Savage",,,,1545,154863153,04/11/22
Pussy & Millions (feat. Travis Scott),"Drake, Travis Scott, 21 Savage",,,,1930,191333656,04/11/22
Vigilante Shit,Taylor Swift,,,,1948,253650850,21/10/22
Question...?,Taylor Swift,,,,1608,223064273,21/10/22
On BS,"Drake, 21 Savage",,,,1338,170413877,04/11/22
Mastermind,Taylor Swift,,,,1936,218320587,21/10/22
Circo Loco,"Drake, 21 Savage",,,,1794,141720999,04/11/22
Labyrinth,Taylor Swift,,,,1597,187339835,21/10/22
Spin Bout U,"Drake, 21 Savage",,,,1652,198365537,04/11/22
Sweet Nothing,Taylor Swift,,,,1747,186104310,21/10/22
"Would've, Could've, Should've",Taylor Swift,,,,1715,177503916,21/10/22
Con La Brisa,"Ludwig Goransson, Foudeqush",,,,486,71095708,04/11/22
Privileged Rappers,"Drake, 21 Savage",,,,1007,112436403,04/11/22
The Astronaut,Jin,,,,481,203436468,28/10/22
BackOutsideBoyz,Drake,,,,1045,93367537,04/11/22
Broke Boys,"Drake, 21 Savage",,,,1060,106249219,04/11/22
The Great War,Taylor Swift,,,,1274,181382590,21/10/22
My Mind & Me,Selena Gomez,,,,953,91473363,03/11/22
Bigger Than The Whole Sky,Taylor Swift,,,,1180,121871870,21/10/22
A Veces (feat. Feid),"Feid, Paulo Londra",,,,573,73513683,03/11/22
En La De Ella,"Feid, Sech, Jhayco",,,,1320,133895612,20/10/22
Alone,Burna Boy,,,,782,96007391,04/11/22
